mean_absolute_error,1-prediction_trend_accuracy
32.22301587301587,0.45238095238095233
