mean_absolute_error,1-prediction_trend_accuracy
15.287806841796513,0.40808823529411764
