covid,rotifers_algae_coherent,rotifers_algae_incoherent,lynx_hares
1.8214285714285712,1.0593220338983051,0.815100815100815,1.767515923566879
