covid,rotifers_algae_coherent,rotifers_algae_incoherent,lynx_hares
5.597490872219725,0.7955612376744025,2.612026085992903,0.815310066533945
