mean_absolute_error,1-prediction_trend_accuracy
10.213337997029187,0.5208333333333333
