covid,rotifers_algae_coherent,rotifers_algae_incoherent,lynx_hares,type
1166014.7675219125,13.24322566169984,25.96181568794962,15.314033403326638,ode
60.166571229404774,1.0315723420969658,2.1044876768798035,0.8167087484931927,ml
