mean_absolute_error,1-prediction_trend_accuracy
1242746.7896344885,0.8461538461538461
