mean_absolute_error,1-prediction_trend_accuracy
108478.12804874503,0.9807692307692307
